{
  "regional_multipliers": {
    "NC": 0.9340806856402377,
    "NY": 1.0687331647491318,
    "OH": 0.9433018342882898,
    "PA": 0.9395345710689686,
    "SC": 1.0346343314163398,
    "VA": 0.9476131675770278,
    "WV": 0.9517709376491991
  },
  "severity_ratios": {
    "Major Damage": 1.7469728874203245,
    "Minor Damage": 0.3336712883748607,
    "Total Loss": 1.5975982424758943,
    "Trivial Damage": 0.2853229177732885
  },
  "collision_type_multipliers": {
    "Front Collision": 1.2254717646192583,
    "Rear Collision": 1.1694983164000414,
    "Side Collision": 1.1918704761561958
  }
}